,epoch,train_loss,val_loss
0,1,5458.700158119202,0.0
1,2,2990.1861724853516,0.0
