,epoch,train_loss,val_loss
0,1,8116.442349433899,0.0
1,2,6614.853562831879,0.0
2,3,6204.870180130005,0.0
3,4,5950.069442749023,0.0
4,5,5790.543559074402,0.0
5,6,5678.689483642578,0.0
6,7,5571.751577377319,0.0
7,8,5503.650438308716,0.0
8,9,5476.726466655731,0.0
9,10,5406.832299232483,1519.4685802459717
10,11,5344.693814754486,0.0
11,12,5323.968416690826,0.0
12,13,5291.520055770874,0.0
13,14,5254.536097288132,0.0
14,15,5214.717974662781,0.0
15,16,5194.190457344055,0.0
